<?xml version="1.0" encoding="UTF-8"?>
<beans xmlns="http://www.springframework.org/schema/beans"
	xmlns:xsi="http://www.w3.org/2001/XMLSchema-instance"
	xmlns:context="http://www.springframework.org/schema/context"
	xsi:schemaLocation="http://www.springframework.org/schema/beans https://www.springframework.org/schema/beans/spring-beans-4.3.xsd
		http://www.springframework.org/schema/context https://www.springframework.org/schema/context/spring-context-4.3.xsd">

 
    
    <!-- target bean cfg -->
     <bean id="bank"  class="com.nt.beans.BankService">
         <replaced-method name="calcIntrestAmount"  replacer="irr">
            <arg-type>float</arg-type>
            <arg-type>float</arg-type>
         </replaced-method>
     </bean>
     
     <context:component-scan base-package="com.nt.replacer"/>

</beans>
