<?xml version="1.0" encoding="UTF-8"?>
<beans xmlns="http://www.springframework.org/schema/beans"
	xmlns:xsi="http://www.w3.org/2001/XMLSchema-instance"
	xmlns:context="http://www.springframework.org/schema/context"
	xsi:schemaLocation="http://www.springframework.org/schema/beans https://www.springframework.org/schema/beans/spring-beans-4.3.xsd
		http://www.springframework.org/schema/context https://www.springframework.org/schema/context/spring-context-4.3.xsd">
     <!-- Cfg FactoryBean -->
     <bean id="dfb"  class="com.nt.beans.DateFactoryBean"  scope="singleton">
         <property name="year" value="2020"/>
         <property name="month" value="6"/>
         <property name="day" value="16"/>
     </bean>
     
     <!-- Cfg Target class -->
     <bean id="remainder"  class="com.nt.beans.ScheduleRemainder">
         <constructor-arg ref="dfb"/>
     </bean>

</beans>
