<?xml version="1.0" encoding="UTF-8"?>
<beans xmlns="http://www.springframework.org/schema/beans"
	xmlns:xsi="http://www.w3.org/2001/XMLSchema-instance"
	xsi:schemaLocation="http://www.springframework.org/schema/beans https://www.springframework.org/schema/beans/spring-beans-4.3.xsd">

   <!-- Controller class cfg -->
   <bean id="controller"  class="com.nt.controller.MainController">
      <constructor-arg >
         <ref parent="empService"/>
      </constructor-arg>
   </bean>
   
   
   <!-- Service class cfg -->
   <bean id="empService"  class="com.nt.service.EmployeeMgmtServiceImpl">
      <constructor-arg ref="empDAO"/>
      <constructor-arg value="child"/>
   </bean>

</beans>
