<?xml version="1.0" encoding="UTF-8"?>
<beans xmlns="http://www.springframework.org/schema/beans"
	xmlns:xsi="http://www.w3.org/2001/XMLSchema-instance"
	xmlns:context="http://www.springframework.org/schema/context"
	xmlns:mvc="http://www.springframework.org/schema/mvc"
	xsi:schemaLocation="http://www.springframework.org/schema/mvc http://www.springframework.org/schema/mvc/spring-mvc-4.3.xsd
		http://www.springframework.org/schema/beans https://www.springframework.org/schema/beans/spring-beans-4.3.xsd
		http://www.springframework.org/schema/context http://www.springframework.org/schema/context/spring-context-4.3.xsd">

  <!-- HandlerMapping -->
     <bean class="org.springframework.web.servlet.mvc.method.annotation.RequestMappingHandlerMapping"/>
  
  <!-- Controllers cfg -->
  <context:component-scan base-package="com.nt.controller,com.nt.validator"/>
  
  <!-- Cfg Properties file -->
  <bean id="messageSource"  class="org.springframework.context.support.ResourceBundleMessageSource">
      <property name="basename"  value="com/nt/commons/validation"/>
  </bean>
  
  <!-- ViewResolver -->
  <bean class="org.springframework.web.servlet.view.InternalResourceViewResolver">
      <property name="prefix"  value="/WEB-INF/pages/"/>
      <property name="suffix"  value=".jsp"/>
  </bean>
  
  <mvc:annotation-driven/>

</beans>
