<?xml version="1.0" encoding="UTF-8"?>
<beans xmlns="http://www.springframework.org/schema/beans"
	xmlns:xsi="http://www.w3.org/2001/XMLSchema-instance"
	xmlns:context="http://www.springframework.org/schema/context"
	xsi:schemaLocation="http://www.springframework.org/schema/beans http://www.springframework.org/schema/beans/spring-beans.xsd
		http://www.springframework.org/schema/context http://www.springframework.org/schema/context/spring-context-4.3.xsd">
  
    <!-- <bean class="org.springframework.beans.factory.config.PropertyPlaceholderConfigurer">
        <property name="location" value="com/nt/commons/jdbc.properties"/>
          <property name="locations">
                <array>
                    <value>com/nt/commons/jdbc.properties</value>
                    <value>com/nt/commons/jdbc1.properties</value>
                </array>
          </property>
    </bean> -->
    
    <context:property-placeholder  location="com/nt/commons/jdbc.properties,com/nt/commons/jdbc1.properties"/>


  <!-- Cfg DriverManagerDataSource  -->
   <bean id="drds"  class="org.springframework.jdbc.datasource.DriverManagerDataSource">
        <property name="driverClassName" value="${jdbc.driver}"/>
        <property name="url" value="${jdbc.url}"/>
        <property name="username" value="${jdbc.user}"/>
        <property name="password" value="${jdbc.pwd}"/>
   </bean>
   
    <!--DAO class cfg  -->
     <bean id="studDAO"  class="com.nt.dao.StudentDAOImpl">
          <constructor-arg ref="drds"/>
          <property name="os"  value="${os.name}"/>
           <property name="javaVendor"  value="${java.vm.specification.vendor}"/>
           <property name="pathVal"  value="${PATH}"/>
      </bean>

</beans>
